invoiceno,stockcode,description,quantity,invoicedate,unitprice,customerid,country,return_flag,category,return_risk_score
536368,22912,YELLOW COAT RACK PARIS FASHION,-1,2010-12-01 08:34:00,4.95,13047.0,United Kingdom,1,YELLOW,0.9909537766202172
536370,22631,CIRCUS PARADE LUNCH BOX ,-1,2010-12-01 08:45:00,1.95,12583.0,France,1,CIRCUS,0.991955980348899
536374,21258,VICTORIAN SEWING BOX LARGE,-1,2010-12-01 09:09:00,10.95,15100.0,United Kingdom,1,VICTORIAN,0.9890245024288291
536378,22352,LUNCH BOX WITH CUTLERY RETROSPOT ,-1,2010-12-01 09:37:00,2.55,14688.0,United Kingdom,1,LUNCH,0.9915577394406226
536378,85183B,CHARLIE & LOLA WASTEPAPER BIN FLORA,-1,2010-12-01 09:37:00,1.25,14688.0,United Kingdom,1,CHARLIE,0.9921316196312271
536381,15056BL,EDWARDIAN PARASOL BLACK,-1,2010-12-01 09:41:00,5.95,15311.0,United Kingdom,1,EDWARDIAN,0.9908037337947746
536384,22457,NATURAL SLATE HEART CHALKBOARD ,-1,2010-12-01 09:53:00,2.95,18074.0,United Kingdom,1,NATURAL,0.9915780686508109
536390,21080,SET/20 RED RETROSPOT PAPER NAPKINS ,-1,2010-12-01 10:19:00,0.64,17511.0,United Kingdom,1,SET,0.9923432193676313
536392,22150,3 STRIPEY MICE FELTCRAFT,-1,2010-12-01 10:29:00,1.95,13705.0,United Kingdom,1,STRIPEY,0.992056419736078
536392,22128,PARTY CONES CANDY ASSORTED,-1,2010-12-01 10:29:00,1.25,13705.0,United Kingdom,1,PARTY,0.992223168773063
536394,22558,CLOTHES PEGS RETROSPOT PACK 24 ,-1,2010-12-01 10:39:00,1.25,13408.0,United Kingdom,1,CLOTHES,0.9921686824866092
536395,22727,ALARM CLOCK BAKELIKE RED ,-1,2010-12-01 10:47:00,3.75,13767.0,United Kingdom,1,ALARM,0.9913742471002057
536401,84744,S/6 SEW ON CROCHET FLOWERS,-1,2010-12-01 11:21:00,1.25,15862.0,United Kingdom,1,S,0.99214247640088
536401,22961,JAM MAKING SET PRINTED,-1,2010-12-01 11:21:00,1.45,15862.0,United Kingdom,1,JAM,0.9921301488665651
536401,17091A,LAVENDER INCENSE IN TIN,-1,2010-12-01 11:21:00,1.25,15862.0,United Kingdom,1,LAVENDER,0.9922216279781805
536401,82581,TOILET METAL SIGN,-1,2010-12-01 11:21:00,0.55,15862.0,United Kingdom,1,TOILET,0.9923727073800344
536401,21744,SNOWFLAKE PORTABLE TABLE LIGHT ,-1,2010-12-01 11:21:00,2.95,15862.0,United Kingdom,1,SNOWFLAKE,0.9916245024887514
536401,20992,JAZZ HEARTS PURSE NOTEBOOK,-1,2010-12-01 11:21:00,0.85,15862.0,United Kingdom,1,JAZZ,0.9923057628512988
536408,21832,CHOCOLATE CALCULATOR,-1,2010-12-01 11:41:00,1.65,14307.0,United Kingdom,1,CHOCOLATE,0.9921021831037196
536408,22610,PENS ASSORTED FUNNY FACE,-1,2010-12-01 11:41:00,0.85,14307.0,United Kingdom,1,PENS,0.9923057628512988
536408,85014B,RED RETROSPOT UMBRELLA,-1,2010-12-01 11:41:00,5.95,14307.0,United Kingdom,1,RED,0.991157073485202
536409,22664,TOY TIDY DOLLY GIRL DESIGN,-1,2010-12-01 11:45:00,2.1,17908.0,United Kingdom,1,TOY,0.9919114304275856
536409,90129F,RED GLASS TASSLE BAG CHARM,-1,2010-12-01 11:45:00,2.95,17908.0,United Kingdom,1,RED,0.992101896215338
536409,22183,CAKE STAND VICTORIAN FILIGREE MED,-1,2010-12-01 11:45:00,6.75,17908.0,United Kingdom,1,CAKE,0.9903406671941177
536409,21824,PAINTED METAL STAR WITH HOLLY BELLS,-1,2010-12-01 11:45:00,1.45,17908.0,United Kingdom,1,PAINTED,0.9920997789146342
536412,21245,GREEN POLKADOT PLATE ,-1,2010-12-01 11:49:00,1.69,17920.0,United Kingdom,1,GREEN,0.9919984736396085
536412,21242,RED RETROSPOT PLATE ,-1,2010-12-01 11:49:00,1.69,17920.0,United Kingdom,1,RED,0.9924682026121645
536412,22940,FELTCRAFT CHRISTMAS FAIRY,-1,2010-12-01 11:49:00,4.25,17920.0,United Kingdom,1,FELTCRAFT,0.9907500085700706
536415,22531,MAGIC DRAWING SLATE CIRCUS PARADE  ,-1,2010-12-01 11:57:00,0.42,12838.0,United Kingdom,1,MAGIC,0.9923834867915999
536423,21481,FAWN BLUE HOT WATER BOTTLE,-1,2010-12-01 12:08:00,2.95,18085.0,United Kingdom,1,FAWN,0.9916263335111046
536423,22113,GREY HEART HOT WATER BOTTLE,-1,2010-12-01 12:08:00,3.75,18085.0,United Kingdom,1,GREY,0.9913881304203254
536425,22451,SILK PURSE BABUSHKA RED,-1,2010-12-01 12:08:00,3.35,13758.0,United Kingdom,1,SILK,0.9914584305602373
536446,21591,COSY HOUR CIGAR BOX MATCHES ,-1,2010-12-01 12:15:00,1.25,15983.0,United Kingdom,1,COSY,0.9921067726502313
536460,84849B,FAIRY SOAP SOAP HOLDER,-1,2010-12-01 12:22:00,1.69,14849.0,United Kingdom,1,FAIRY,0.9919760182589554
536460,22927,GREEN GIANT GARDEN THERMOMETER,-1,2010-12-01 12:22:00,5.95,14849.0,United Kingdom,1,GREEN,0.9906063484258661
536464,84879,ASSORTED COLOUR BIRD ORNAMENT,-1,2010-12-01 12:23:00,1.69,17968.0,United Kingdom,1,ASSORTED,0.9920192315478477
536464,22809,SET OF 6 T-LIGHTS SANTA,-1,2010-12-01 12:23:00,2.95,17968.0,United Kingdom,1,SET,0.9916469258124306
536464,21122,SET/10 PINK POLKADOT PARTY CANDLES,-1,2010-12-01 12:23:00,1.25,17968.0,United Kingdom,1,SET,0.9921651512213414
536488,21592,RETROSPOT CIGAR BOX MATCHES ,-1,2010-12-01 12:31:00,1.25,17897.0,United Kingdom,1,RETROSPOT,0.9922043809733008
536488,84347,ROTATING SILVER ANGELS T-LIGHT HLDR,-1,2010-12-01 12:31:00,2.55,17897.0,United Kingdom,1,ROTATING,0.9919044700732076
536488,21367,MIRRORED WALL ART GENTS,-1,2010-12-01 12:31:00,2.55,17897.0,United Kingdom,1,MIRRORED,0.9917952187038073
536514,22807,SET OF 6 T-LIGHTS TOADSTOOLS,-1,2010-12-01 12:40:00,2.95,17951.0,United Kingdom,1,SET,0.9916469258124306
536520,22643,SET OF 4 NAPKIN CHARMS LEAVES   ,-1,2010-12-01 12:43:00,2.55,14729.0,United Kingdom,1,SET,0.991771839056414
536520,21358,TOAST ITS - HAPPY BIRTHDAY,-1,2010-12-01 12:43:00,1.25,14729.0,United Kingdom,1,TOAST,0.9921569344900669
536520,21985,PACK OF 12 HEARTS DESIGN TISSUES ,-1,2010-12-01 12:43:00,0.29,14729.0,United Kingdom,1,PACK,0.9922714043653289
536522,22776,SWEETHEART CAKESTAND 3 TIER,-1,2010-12-01 12:49:00,9.95,15012.0,United Kingdom,1,SWEETHEART,0.9891634571488432
536522,21121,SET/10 RED POLKADOT PARTY CANDLES,-1,2010-12-01 12:49:00,1.25,15012.0,United Kingdom,1,SET,0.9921651512213414
536522,21326,AGED GLASS SILVER T-LIGHT HOLDER,-1,2010-12-01 12:49:00,0.65,15012.0,United Kingdom,1,AGED,0.9923622784644014
536522,22739,RIBBON REEL CHRISTMAS SOCK BAUBLE,-1,2010-12-01 12:49:00,1.65,15012.0,United Kingdom,1,RIBBON,0.9919070632064442
536522,21122,SET/10 PINK POLKADOT PARTY CANDLES,-1,2010-12-01 12:49:00,1.25,15012.0,United Kingdom,1,SET,0.9921651512213414
536522,21931,JUMBO STORAGE BAG SUKI,-1,2010-12-01 12:49:00,1.95,15012.0,United Kingdom,1,JUMBO,0.9918123191194866
536523,22219,LOVEBIRD HANGING DECORATION WHITE ,-1,2010-12-01 12:50:00,0.85,12868.0,United Kingdom,1,LOVEBIRD,0.9922593960747943
536523,22294,HEART FILIGREE DOVE  SMALL,-1,2010-12-01 12:50:00,1.25,12868.0,United Kingdom,1,HEART,0.9921453983425372
536525,17164B,ASS COL SMALL SAND GECKO P'WEIGHT,-1,2010-12-01 12:54:00,0.42,14078.0,United Kingdom,1,ASS,0.9924421148350571
536527,84347,ROTATING SILVER ANGELS T-LIGHT HLDR,-1,2010-12-01 13:04:00,2.55,12662.0,Germany,1,ROTATING,0.9919044700732076
536527,84945,MULTI COLOUR SILVER T-LIGHT HOLDER,-1,2010-12-01 13:04:00,0.85,12662.0,Germany,1,MULTI,0.99229005113885
536527,22973,CHILDREN'S CIRCUS PARADE MUG,-1,2010-12-01 13:04:00,1.65,12662.0,Germany,1,CHILDREN,0.992076939793758
536529,21258,VICTORIAN SEWING BOX LARGE,-1,2010-12-01 13:20:00,12.75,14237.0,United Kingdom,1,VICTORIAN,0.9882569949207711
536531,15056N,EDWARDIAN PARASOL NATURAL,-1,2010-12-01 13:23:00,5.95,15485.0,United Kingdom,1,EDWARDIAN,0.9908037337947746
536532,22842,BISCUIT TIN VINTAGE RED,-1,2010-12-01 13:24:00,6.75,12433.0,Norway,1,BISCUIT,0.990428048411203
536533,22740,POLKADOT PEN,-1,2010-12-01 13:31:00,0.85,16955.0,United Kingdom,1,POLKADOT,0.992272654804091
536535,21485,RETROSPOT HEART HOT WATER BOTTLE,-1,2010-12-01 13:38:00,4.95,15605.0,United Kingdom,1,RETROSPOT,0.9910386386604371
536537,22801,ANTIQUE GLASS PEDESTAL BOWL,-1,2010-12-01 13:51:00,3.75,15922.0,United Kingdom,1,ANTIQUE,0.9914213192665655
536538,22195,LARGE HEART MEASURING SPOONS,-1,2010-12-01 13:54:00,1.65,14594.0,United Kingdom,1,LARGE,0.9919334094929562
536538,84944,SET OF 6 KASHMIR FOLKART BAUBLES,-1,2010-12-01 13:54:00,4.25,14594.0,United Kingdom,1,SET,0.9912278285606676
536539,22969,HOMEMADE JAM SCENTED CANDLES,-1,2010-12-01 14:03:00,1.45,15165.0,United Kingdom,1,HOMEMADE,0.9921789384384533
536539,22554,PLASTERS IN TIN WOODLAND ANIMALS,-1,2010-12-01 14:03:00,1.65,15165.0,United Kingdom,1,PLASTERS,0.9918297933662035
536540,21889,WOODEN BOX OF DOMINOES,-1,2010-12-01 14:05:00,1.25,14911.0,EIRE,1,WOODEN,0.9920347850200766
536551,22174,PHOTO CUBE,-1,2010-12-01 14:34:00,1.65,17346.0,United Kingdom,1,PHOTO,0.9920134971159392
536551,22663,JUMBO BAG DOLLY GIRL DESIGN,-1,2010-12-01 14:34:00,1.95,17346.0,United Kingdom,1,JUMBO,0.9918123191194866
536551,22111,SCOTTIE DOG HOT WATER BOTTLE,-1,2010-12-01 14:34:00,4.95,17346.0,United Kingdom,1,SCOTTIE,0.9910735017426121
536556,21843,RED RETROSPOT CAKE STAND,-1,2010-12-01 14:38:00,10.95,17643.0,United Kingdom,1,RED,0.9893273604406668
536557,20749,ASSORTED COLOUR MINI CASES,-1,2010-12-01 14:41:00,7.95,17841.0,United Kingdom,1,ASSORTED,0.9898986787204666
536560,22665,RECIPE BOX BLUE SKETCHBOOK DESIGN,-1,2010-12-01 15:00:00,2.95,13093.0,United Kingdom,1,RECIPE,0.9916162378123685
536560,22400,MAGNETS PACK OF 4 HOME SWEET HOME,-1,2010-12-01 15:00:00,1.25,13093.0,United Kingdom,1,MAGNETS,0.9921607034051771
536562,21777,RECIPE BOX WITH METAL HEART,-1,2010-12-01 15:08:00,7.95,13468.0,United Kingdom,1,RECIPE,0.9898805616652638
536566,22774,RED DRAWER KNOB ACRYLIC EDWARDIAN,-1,2010-12-01 15:21:00,1.25,16928.0,United Kingdom,1,RED,0.9925921060825812
536568,22915,ASSORTED BOTTLE TOP  MAGNETS ,-1,2010-12-01 15:28:00,0.42,16048.0,United Kingdom,1,ASSORTED,0.9923922106341034
536569,21014,SWISS CHALET TREE DECORATION ,-1,2010-12-01 15:35:00,0.85,16274.0,United Kingdom,1,SWISS,0.9922821772783855
536569,22428,ENAMEL FIRE BUCKET CREAM,-1,2010-12-01 15:35:00,6.95,16274.0,United Kingdom,1,ENAMEL,0.9902643568051981
536572,22578,WOODEN STAR CHRISTMAS SCANDINAVIAN,-1,2010-12-01 15:40:00,0.85,16539.0,United Kingdom,1,WOODEN,0.9921539440450592
536572,21817,GLITTER CHRISTMAS TREE,-1,2010-12-01 15:40:00,0.85,16539.0,United Kingdom,1,GLITTER,0.992179166942968
536576,85174,S/4 CACTI CANDLES,-1,2010-12-01 16:11:00,4.25,13777.0,United Kingdom,1,S,0.9912024650900964
536578,22837,HOT WATER BOTTLE BABUSHKA ,-1,2010-12-01 16:15:00,4.65,17690.0,United Kingdom,1,HOT,0.9912352451004428
536580,22966,GINGERBREAD MAN COOKIE CUTTER,-1,2010-12-01 16:17:00,1.25,17690.0,United Kingdom,1,GINGERBREAD,0.9921904260660848
536580,22975,SPACEBOY CHILDRENS EGG CUP,-1,2010-12-01 16:17:00,1.25,17690.0,United Kingdom,1,SPACEBOY,0.9921641434866407
536580,22972,CHILDRENS SPACEBOY MUG,-1,2010-12-01 16:17:00,1.65,17690.0,United Kingdom,1,CHILDRENS,0.9921292708366594
536587,21790,VINTAGE SNAP CARDS,-1,2010-12-01 16:33:00,0.85,14142.0,United Kingdom,1,VINTAGE,0.9922907147474229
536588,22667,RECIPE BOX RETROSPOT ,-1,2010-12-01 16:49:00,2.95,17069.0,United Kingdom,1,RECIPE,0.9916162378123685
536590,21166,COOK WITH WINE METAL SIGN ,-1,2010-12-01 16:52:00,1.95,13065.0,United Kingdom,1,COOK,0.9919436134238921
536591,22136,LOVE HEART SOCK HANGER,-1,2010-12-01 16:57:00,1.65,14606.0,United Kingdom,1,LOVE,0.9920346247640207
536595,20765,CHRYSANTHEMUM SKETCHBOOK ,-1,2010-12-01 17:24:00,3.75,13576.0,United Kingdom,1,CHRYSANTHEMUM,0.9913887211622792
536597,22952,60 CAKE CASES VINTAGE CHRISTMAS,-1,2010-12-01 17:35:00,0.55,18011.0,United Kingdom,1,CAKE,0.9923518723351357
536597,21704,BAG 250g SWIRLY MARBLES,-1,2010-12-01 17:35:00,0.85,18011.0,United Kingdom,1,BAG,0.992303556498974
536597,20682,RED RETROSPOT CHILDRENS UMBRELLA,-1,2010-12-01 17:35:00,3.25,18011.0,United Kingdom,1,RED,0.992012107222273
536597,22384,LUNCH BAG PINK POLKADOT,-1,2010-12-01 17:35:00,1.65,18011.0,United Kingdom,1,LUNCH,0.9918391406392839
536604,22863,SOAP DISH BROCANTE,-1,2010-12-02 08:43:00,2.95,14741.0,United Kingdom,1,SOAP,0.9917401035834568
536605,21364,PEACE SMALL WOOD LETTERS,-1,2010-12-02 08:52:00,6.75,13715.0,United Kingdom,1,PEACE,0.9904088228671994
536605,47567B,TEA TIME KITCHEN APRON,-1,2010-12-02 08:52:00,5.95,13715.0,United Kingdom,1,TEA,0.9906222737251293
536607,22386,JUMBO BAG PINK POLKADOT,-1,2010-12-02 09:29:00,1.95,17732.0,United Kingdom,1,JUMBO,0.9918123191194866
536613,22818,CARD CHRISTMAS VILLAGE,-1,2010-12-02 09:44:00,0.42,17855.0,United Kingdom,1,CARD,0.9925352083872893
536617,72741,GRAND CHOCOLATECANDLE,-1,2010-12-02 10:17:00,1.25,13941.0,United Kingdom,1,GRAND,0.9922352262573677
536620,84991,60 TEATIME FAIRY CAKE CASES,-1,2010-12-02 10:27:00,0.42,14135.0,United Kingdom,1,TEATIME,0.9923782739203203
536620,21061,PARTY INVITES FOOTBALL,-1,2010-12-02 10:27:00,0.85,14135.0,United Kingdom,1,PARTY,0.9923395313532074
536620,21722,SWEET PUDDING STICKER SHEET,-1,2010-12-02 10:27:00,0.85,14135.0,United Kingdom,1,SWEET,0.9923057628512988
536621,22752,SET 7 BABUSHKA NESTING BOXES,-1,2010-12-02 10:35:00,8.5,13108.0,United Kingdom,1,SET,0.9897068864411813
536623,21355,TOAST ITS - I LOVE YOU ,-1,2010-12-02 10:39:00,1.25,15601.0,United Kingdom,1,TOAST,0.9921569344900669
536623,22028,PENNY FARTHING BIRTHDAY CARD,-1,2010-12-02 10:39:00,0.42,15601.0,United Kingdom,1,PENNY,0.992427714489876
536623,22431,WATERING CAN BLUE ELEPHANT,-1,2010-12-02 10:39:00,1.95,15601.0,United Kingdom,1,WATERING,0.9919684474389437
536624,22726,ALARM CLOCK BAKELIKE GREEN,-1,2010-12-02 10:45:00,3.75,13418.0,United Kingdom,1,ALARM,0.9913742471002057
536624,22109,FULL ENGLISH BREAKFAST PLATE,-1,2010-12-02 10:45:00,3.39,13418.0,United Kingdom,1,FULL,0.9915227202919293
536627,22423,REGENCY CAKESTAND 3 TIER,-1,2010-12-02 10:53:00,12.75,15658.0,United Kingdom,1,REGENCY,0.9881311357302774
536628,22752,SET 7 BABUSHKA NESTING BOXES,-1,2010-12-02 10:54:00,7.65,17850.0,United Kingdom,1,SET,0.9900306350190661
536632,21875,KINGS CHOICE MUG,-1,2010-12-02 11:02:00,1.25,14388.0,United Kingdom,1,KINGS,0.9921453140295515
536632,22961,JAM MAKING SET PRINTED,-1,2010-12-02 11:02:00,1.45,14388.0,United Kingdom,1,JAM,0.9921301488665651
536632,22964,3 PIECE SPACEBOY COOKIE CUTTER SET,-1,2010-12-02 11:02:00,2.1,14388.0,United Kingdom,1,PIECE,0.991962369341362
536634,20674,GREEN POLKADOT BOWL,-1,2010-12-02 11:21:00,1.25,18041.0,United Kingdom,1,GREEN,0.9921300432129608
536635,22961,JAM MAKING SET PRINTED,-1,2010-12-02 11:22:00,1.45,15955.0,United Kingdom,1,JAM,0.9921301488665651
536637,16046,TEATIME PEN CASE & PENS,-1,2010-12-02 11:35:00,0.85,18041.0,United Kingdom,1,TEATIME,0.9922537418322285
536637,85114C,RED ENCHANTED FOREST PLACEMAT,-1,2010-12-02 11:35:00,1.65,18041.0,United Kingdom,1,RED,0.9924795510388204
536638,22637,PIGGY BANK RETROSPOT ,-1,2010-12-02 11:41:00,2.55,16244.0,United Kingdom,1,PIGGY,0.991778583114282
536639,22961,JAM MAKING SET PRINTED,-1,2010-12-02 11:45:00,1.45,15111.0,United Kingdom,1,JAM,0.9921301488665651
536639,48138,DOORMAT UNION FLAG,-1,2010-12-02 11:45:00,7.95,15111.0,United Kingdom,1,DOORMAT,0.9898560836315841
536643,84997B,RED 3 PIECE RETROSPOT CUTLERY SET,-1,2010-12-02 11:57:00,3.75,14390.0,United Kingdom,1,RED,0.9918602034787526
536667,22602,CHRISTMAS RETROSPOT HEART WOOD,-1,2010-12-02 12:09:00,0.85,15260.0,United Kingdom,1,CHRISTMAS,0.9920933595953796
536667,22576,SWALLOW WOODEN CHRISTMAS DECORATION,-1,2010-12-02 12:09:00,0.85,15260.0,United Kingdom,1,SWALLOW,0.992274247723064
536673,72816,SET/3 CHRISTMAS DECOUPAGE CANDLES,-1,2010-12-02 12:11:00,1.06,14060.0,United Kingdom,1,SET,0.9922210512268368
536674,84341B,SMALL PINK MAGIC CHRISTMAS TREE,-1,2010-12-02 12:16:00,0.85,15923.0,United Kingdom,1,SMALL,0.9922641807576882
536685,21730,GLASS STAR FROSTED T-LIGHT HOLDER,-1,2010-12-02 12:23:00,4.25,17850.0,United Kingdom,1,GLASS,0.9912032948535923
536690,84029G,KNITTED UNION FLAG HOT WATER BOTTLE,-1,2010-12-02 12:25:00,3.39,17850.0,United Kingdom,1,KNITTED,0.9914719979623666
536732,21238,RED RETROSPOT CUP,-1,2010-12-02 12:47:00,0.85,15544.0,United Kingdom,1,RED,0.9927029889530095
536732,21479,WHITE SKULL HOT WATER BOTTLE ,-1,2010-12-02 12:47:00,3.75,15544.0,United Kingdom,1,WHITE,0.9912955255147491
536732,22423,REGENCY CAKESTAND 3 TIER,-1,2010-12-02 12:47:00,12.75,15544.0,United Kingdom,1,REGENCY,0.9881311357302774
536732,21207,SKULL AND CROSSBONES  GARLAND ,-1,2010-12-02 12:47:00,1.65,15544.0,United Kingdom,1,SKULL,0.9920471112588342
536733,21206,STRAWBERRY HONEYCOMB  GARLAND ,-1,2010-12-02 12:50:00,1.65,15738.0,United Kingdom,1,STRAWBERRY,0.9919090562155568
536733,47590B,PINK HAPPY BIRTHDAY BUNTING,-1,2010-12-02 12:50:00,5.45,15738.0,United Kingdom,1,PINK,0.9905896824213392
536738,22893,MINI CAKE STAND T-LIGHT HOLDER,-1,2010-12-02 13:06:00,0.42,15827.0,United Kingdom,1,MINI,0.9924400208660171
536738,20914,SET/5 RED RETROSPOT LID GLASS BOWLS,-1,2010-12-02 13:06:00,2.95,15827.0,United Kingdom,1,SET,0.9916469258124306
536739,35004C,SET OF 3 COLOURED  FLYING DUCKS,-1,2010-12-02 13:08:00,5.45,14180.0,United Kingdom,1,SET,0.9908225024843816
536742,85127,SMALL SQUARE CUT GLASS CANDLESTICK,-1,2010-12-02 13:14:00,4.95,16916.0,United Kingdom,1,SMALL,0.9909723907516093
536743,21849,SILVER DIAMANTE PEN IN GIFT BOX,-1,2010-12-02 13:32:00,4.95,17964.0,United Kingdom,1,SILVER,0.9910681416431582
536745,22736,RIBBON REEL MAKING SNOWMEN ,-1,2010-12-02 13:38:00,1.65,17235.0,United Kingdom,1,RIBBON,0.9919070632064442
536748,22191,IVORY DINER WALL CLOCK,-1,2010-12-02 13:45:00,8.5,15107.0,United Kingdom,1,IVORY,0.989771337546494
536749,20894,HANGING BAUBLE T-LIGHT HOLDER LARGE,-1,2010-12-02 13:49:00,2.95,17976.0,United Kingdom,1,HANGING,0.9916879188265518
536749,35271S,GOLD PRINT PAPER BAG,-1,2010-12-02 13:49:00,0.19,17976.0,United Kingdom,1,GOLD,0.9924832563341293
536749,84879,ASSORTED COLOUR BIRD ORNAMENT,-1,2010-12-02 13:49:00,1.69,17976.0,United Kingdom,1,ASSORTED,0.9920192315478477
536750,37370,RETRO COFFEE MUGS ASSORTED,-1,2010-12-02 14:04:00,1.06,17850.0,United Kingdom,1,RETRO,0.9921945132263281
536752,20679,EDWARDIAN PARASOL RED,-1,2010-12-02 14:06:00,4.95,17850.0,United Kingdom,1,EDWARDIAN,0.9911434464017188
536752,21071,VINTAGE BILLBOARD DRINK ME MUG,-1,2010-12-02 14:06:00,1.06,17850.0,United Kingdom,1,VINTAGE,0.992229456571502
536754,20974,12 PENCILS SMALL TUBE SKULL,-1,2010-12-02 14:09:00,0.65,14449.0,United Kingdom,1,PENCILS,0.9921537501314551
536754,22150,3 STRIPEY MICE FELTCRAFT,-1,2010-12-02 14:09:00,1.95,14449.0,United Kingdom,1,STRIPEY,0.992056419736078
536754,22867,HAND WARMER BIRD DESIGN,-1,2010-12-02 14:09:00,2.1,14449.0,United Kingdom,1,HAND,0.9915642754474873
536759,79164,BLACK WINE GLASS,-1,2010-12-02 14:26:00,1.65,16781.0,United Kingdom,1,BLACK,0.9918708452948862
536759,82486,WOOD S/3 CABINET ANT WHITE FINISH,-1,2010-12-02 14:26:00,7.95,16781.0,United Kingdom,1,WOOD,0.989909341372148
536759,21257,VICTORIAN SEWING BOX MEDIUM,-1,2010-12-02 14:26:00,7.95,16781.0,United Kingdom,1,VICTORIAN,0.9901949257090288
536759,22928,YELLOW GIANT GARDEN THERMOMETER,-1,2010-12-02 14:26:00,5.95,16781.0,United Kingdom,1,YELLOW,0.9906068577589769
536762,20972,PINK CREAM FELT CRAFT TRINKET BOX ,-1,2010-12-02 14:40:00,1.25,16186.0,United Kingdom,1,PINK,0.9919661160702679
536762,85014A,BLACK/BLUE POLKADOT UMBRELLA,-1,2010-12-02 14:40:00,5.95,16186.0,United Kingdom,1,BLACK,0.9904423571177379
536763,20973,12 PENCIL SMALL TUBE WOODLAND,-1,2010-12-02 14:42:00,0.65,17685.0,United Kingdom,1,PENCIL,0.9923444098127046
536769,22333,RETROSPOT PARTY BAG + STICKER SET,-1,2010-12-02 14:47:00,1.65,17581.0,United Kingdom,1,RETROSPOT,0.99208598183019
536771,22969,HOMEMADE JAM SCENTED CANDLES,-1,2010-12-02 14:49:00,1.45,17581.0,United Kingdom,1,HOMEMADE,0.9921789384384533
536778,22585,PACK OF 6 BIRDY GIFT TAGS,-1,2010-12-02 15:03:00,1.25,13138.0,United Kingdom,1,PACK,0.9919866928851852
536779,BANK CHARGES,Bank Charges,-1,2010-12-02 15:08:00,15.0,15823.0,United Kingdom,1,UNKNOWN,0.9868595722650044
536782,21258,VICTORIAN SEWING BOX LARGE,-1,2010-12-02 15:18:00,12.75,17567.0,United Kingdom,1,VICTORIAN,0.9882569949207711
536782,21669,BLUE STRIPE CERAMIC DRAWER KNOB,-1,2010-12-02 15:18:00,1.25,17567.0,United Kingdom,1,BLUE,0.9918557851562484
536784,22752,SET 7 BABUSHKA NESTING BOXES,-1,2010-12-02 15:20:00,7.65,15061.0,United Kingdom,1,SET,0.9900306350190661
536784,22534,MAGIC DRAWING SLATE SPACEBOY ,-1,2010-12-02 15:20:00,0.36,15061.0,United Kingdom,1,MAGIC,0.9924006929957857
536787,84029E,RED WOOLLY HOTTIE WHITE HEART.,-1,2010-12-02 15:24:00,3.39,17850.0,United Kingdom,1,RED,0.9919698598904199
536795,22866,HAND WARMER SCOTTY DOG DESIGN,-1,2010-12-02 15:40:00,2.1,15640.0,United Kingdom,1,HAND,0.9915642754474873
536796,22909,SET OF 20 VINTAGE CHRISTMAS NAPKINS,-1,2010-12-02 15:46:00,0.85,15574.0,United Kingdom,1,SET,0.9922823751499207
536796,22974,CHILDRENS DOLLY GIRL MUG,-1,2010-12-02 15:46:00,1.65,15574.0,United Kingdom,1,CHILDRENS,0.9921292708366594
536796,20766,GARDEN PATH SKETCHBOOK,-1,2010-12-02 15:46:00,3.75,15574.0,United Kingdom,1,GARDEN,0.9913748915050207
536796,21398,RED POLKADOT COFFEE  MUG,-1,2010-12-02 15:46:00,2.1,15574.0,United Kingdom,1,RED,0.9923508969191518
536796,16258A,SWIRLY CIRCULAR RUBBERS IN BAG,-1,2010-12-02 15:46:00,0.42,15574.0,United Kingdom,1,SWIRLY,0.9924115361611959
536796,22082,RIBBON REEL STRIPES DESIGN ,-1,2010-12-02 15:46:00,1.65,15574.0,United Kingdom,1,RIBBON,0.9919070632064442
536796,21430,SET/3 RED GINGHAM ROSE STORAGE BOX,-1,2010-12-02 15:46:00,3.75,15574.0,United Kingdom,1,SET,0.991391431170446
536796,22899,CHILDREN'S APRON DOLLY GIRL ,-1,2010-12-02 15:46:00,2.1,15574.0,United Kingdom,1,CHILDREN,0.9919414540315448
536798,21877,HOME SWEET HOME MUG,-1,2010-12-02 15:55:00,1.25,17838.0,United Kingdom,1,HOME,0.9921320888113918
536798,82583,HOT BATHS METAL SIGN,-1,2010-12-02 15:55:00,2.1,17838.0,United Kingdom,1,HOT,0.9920379045815342
536798,48138,DOORMAT UNION FLAG,-1,2010-12-02 15:55:00,7.95,17838.0,United Kingdom,1,DOORMAT,0.9898560836315841
536799,20973,12 PENCIL SMALL TUBE WOODLAND,-1,2010-12-02 16:00:00,0.65,17228.0,United Kingdom,1,PENCIL,0.9923444098127046
536800,22028,PENNY FARTHING BIRTHDAY CARD,-1,2010-12-02 16:12:00,0.42,14829.0,United Kingdom,1,PENNY,0.992427714489876
536803,22113,GREY HEART HOT WATER BOTTLE,-1,2010-12-02 16:33:00,3.75,14911.0,EIRE,1,GREY,0.9913881304203254
536804,22065,CHRISTMAS PUDDING TRINKET POT ,-1,2010-12-02 16:34:00,1.45,14031.0,United Kingdom,1,CHRISTMAS,0.9919125755629764
536804,22697,GREEN REGENCY TEACUP AND SAUCER,-1,2010-12-02 16:34:00,2.95,14031.0,United Kingdom,1,GREEN,0.991609515270624
536813,22818,CARD CHRISTMAS VILLAGE,-1,2010-12-02 16:59:00,0.42,15646.0,United Kingdom,1,CARD,0.9925352083872893
536813,17003,BROCADE RING PURSE ,-1,2010-12-02 16:59:00,0.21,15646.0,United Kingdom,1,BROCADE,0.9924861199190064
536819,21506,"FANCY FONT BIRTHDAY CARD, ",-1,2010-12-02 17:12:00,0.42,13402.0,United Kingdom,1,FANCY,0.9924273495867686
536821,22430,ENAMEL WATERING CAN CREAM,-1,2010-12-02 17:17:00,4.95,17757.0,United Kingdom,1,ENAMEL,0.9909701042236397
536821,21429,RED GINGHAM ROSE JEWELLERY BOX,-1,2010-12-02 17:17:00,1.65,17757.0,United Kingdom,1,RED,0.9924795510388204
536837,21500,PINK POLKADOT WRAP ,-1,2010-12-02 18:15:00,0.42,14395.0,United Kingdom,1,PINK,0.9922134971047611
536838,40016,CHINESE DRAGON PAPER LANTERNS,-1,2010-12-02 18:23:00,0.42,14865.0,United Kingdom,1,CHINESE,0.9924277144375878
536841,22759,SET OF 3 NOTEBOOKS IN PARCEL,-1,2010-12-02 18:27:00,1.65,16150.0,United Kingdom,1,SET,0.9920461610366478
536846,22427,ENAMEL FLOWER JUG CREAM,-1,2010-12-02 19:59:00,5.95,14573.0,United Kingdom,1,ENAMEL,0.9906238055945601
536847,22161,HEART DECORATION RUSTIC HANGING ,-1,2010-12-03 09:31:00,0.65,17135.0,United Kingdom,1,HEART,0.9923210182101672
536851,21429,RED GINGHAM ROSE JEWELLERY BOX,-1,2010-12-03 09:49:00,1.65,12967.0,United Kingdom,1,RED,0.9924795510388204
536851,21086,SET/6 RED SPOTTY PAPER CUPS,-1,2010-12-03 09:49:00,0.65,12967.0,United Kingdom,1,SET,0.9923403328469853
536856,22623,BOX OF VINTAGE JIGSAW BLOCKS ,-1,2010-12-03 10:26:00,4.95,13370.0,United Kingdom,1,BOX,0.9908859745056477
536856,22747,POPPY'S PLAYHOUSE BATHROOM,-1,2010-12-03 10:26:00,2.1,13370.0,United Kingdom,1,POPPY,0.9916232209811292
536856,21890,S/6 WOODEN SKITTLES IN COTTON BAG,-1,2010-12-03 10:26:00,2.95,13370.0,United Kingdom,1,S,0.9916227638601847
536857,22802,FAUX FUR CHOCOLATE THROW,-1,2010-12-03 10:33:00,19.95,16883.0,United Kingdom,1,FAUX,0.9841454570153614
536858,22554,PLASTERS IN TIN WOODLAND ANIMALS,-1,2010-12-03 10:36:00,1.65,13520.0,Switzerland,1,PLASTERS,0.9918297933662035
536863,10120,DOGGY RUBBER,-1,2010-12-03 11:19:00,0.21,17967.0,United Kingdom,1,DOGGY,0.9924842208159234
536863,20986,BLUE CALCULATOR RULER,-1,2010-12-03 11:19:00,1.25,17967.0,United Kingdom,1,BLUE,0.9918557851562484
536863,20963,APPLE BATH SPONGE,-1,2010-12-03 11:19:00,1.25,17967.0,United Kingdom,1,APPLE,0.9921922400926685
536863,22750,FELTCRAFT PRINCESS LOLA DOLL,-1,2010-12-03 11:19:00,3.75,17967.0,United Kingdom,1,FELTCRAFT,0.9909224410005687
536874,84987,SET OF 36 TEATIME PAPER DOILIES,-1,2010-12-03 11:35:00,1.45,16891.0,United Kingdom,1,SET,0.9921058785382944
536874,22914,BLUE COAT RACK PARIS FASHION,-1,2010-12-03 11:35:00,4.95,16891.0,United Kingdom,1,BLUE,0.9906384063146035
536874,22913,RED COAT RACK PARIS FASHION,-1,2010-12-03 11:35:00,4.95,16891.0,United Kingdom,1,RED,0.9914838458151704
536874,84520B,PACK 20 ENGLISH ROSE PAPER NAPKINS,-1,2010-12-03 11:35:00,0.85,16891.0,United Kingdom,1,PACK,0.9921065656403704
536874,85099B,JUMBO BAG RED RETROSPOT,-1,2010-12-03 11:35:00,1.95,16891.0,United Kingdom,1,JUMBO,0.9918123191194866
536884,21523,DOORMAT FANCY FONT HOME SWEET HOME,-1,2010-12-03 11:42:00,7.95,14589.0,United Kingdom,1,DOORMAT,0.9898560836315841
536938,84997A,GREEN 3 PIECE POLKADOT CUTLERY SET,-1,2010-12-03 12:05:00,3.75,14680.0,United Kingdom,1,GREEN,0.9913528863341521
536943,22142,CHRISTMAS CRAFT WHITE FAIRY ,-1,2010-12-03 12:11:00,1.45,17884.0,United Kingdom,1,CHRISTMAS,0.9919125755629764
536944,20728,LUNCH BAG CARS BLUE,-1,2010-12-03 12:20:00,1.45,12557.0,Spain,1,LUNCH,0.9919003997618869
536945,21114,LAVENDER SCENTED FABRIC HEART,-1,2010-12-03 12:24:00,1.25,14083.0,United Kingdom,1,LAVENDER,0.9922216279781805
536945,21411,GINGHAM HEART  DOORSTOP RED,-1,2010-12-03 12:24:00,4.25,14083.0,United Kingdom,1,GINGHAM,0.9911919194228903
536945,21564,PINK  HEART SHAPE LOVE BUCKET ,-1,2010-12-03 12:24:00,2.95,14083.0,United Kingdom,1,PINK,0.9914348394021762
536947,20665,RED RETROSPOT PURSE ,-1,2010-12-03 12:29:00,2.95,13013.0,United Kingdom,1,RED,0.992101896215338
536947,84536A,ENGLISH ROSE NOTEBOOK A7 SIZE,-1,2010-12-03 12:29:00,0.42,13013.0,United Kingdom,1,ENGLISH,0.9923032516387484
536954,22943,CHRISTMAS LIGHTS 10 VINTAGE BAUBLES,-1,2010-12-03 12:41:00,4.25,17809.0,United Kingdom,1,CHRISTMAS,0.9910132195776115
536956,22890,NOVELTY BISCUITS CAKE STAND 3 TIER,-1,2010-12-03 12:43:00,9.95,14210.0,United Kingdom,1,NOVELTY,0.9892180482484761
536971,37446,MINI CAKE STAND WITH HANGING CAKES,-1,2010-12-03 13:40:00,1.45,12779.0,Poland,1,MINI,0.9921407672438635
536973,22116,METAL SIGN HIS DINNER IS SERVED,-1,2010-12-03 13:43:00,2.95,17787.0,United Kingdom,1,METAL,0.9916116651172922
536973,82551,LAUNDRY 15C METAL SIGN,-1,2010-12-03 13:43:00,1.45,17787.0,United Kingdom,1,LAUNDRY,0.9921029293808828
536973,82552,WASHROOM METAL SIGN,-1,2010-12-03 13:43:00,1.45,17787.0,United Kingdom,1,WASHROOM,0.9921506729791495
536973,21333,CLASSIC WHITE FRAME,-1,2010-12-03 13:43:00,2.95,17787.0,United Kingdom,1,CLASSIC,0.9916359081525048
536975,22816,CARD MOTORBIKE SANTA,-1,2010-12-03 14:04:00,0.42,14911.0,EIRE,1,CARD,0.9925352083872893
536975,22592,CARDHOLDER HOLLY WREATH METAL,-1,2010-12-03 14:04:00,3.75,14911.0,EIRE,1,CARDHOLDER,0.9914730577555897
536975,22112,CHOCOLATE HOT WATER BOTTLE,-1,2010-12-03 14:04:00,4.95,14911.0,EIRE,1,CHOCOLATE,0.9910569646870627
536980,22866,HAND WARMER SCOTTY DOG DESIGN,-1,2010-12-03 14:26:00,2.1,17819.0,United Kingdom,1,HAND,0.9915642754474873
536980,22306,SILVER MUG BONE CHINA TREE OF LIFE,-1,2010-12-03 14:26:00,1.95,17819.0,United Kingdom,1,SILVER,0.9920223898194851
536981,22154,ANGEL DECORATION 3 BUTTONS ,-1,2010-12-03 14:26:00,0.42,14723.0,United Kingdom,1,ANGEL,0.9924365727764833
536981,20969,RED FLORAL FELTCRAFT SHOULDER BAG,-1,2010-12-03 14:26:00,3.75,14723.0,United Kingdom,1,RED,0.9918602034787526
536984,22728,ALARM CLOCK BAKELIKE PINK,-1,2010-12-03 14:35:00,3.75,17841.0,United Kingdom,1,ALARM,0.9913742471002057
536985,21625,VINTAGE UNION JACK APRON,-1,2010-12-03 14:40:00,6.95,15373.0,United Kingdom,1,VINTAGE,0.9903001382835607
536985,22087,PAPER BUNTING WHITE LACE,-1,2010-12-03 14:40:00,2.95,15373.0,United Kingdom,1,PAPER,0.9913777811425316
536986,21509,COWBOYS AND INDIANS BIRTHDAY CARD ,-1,2010-12-03 14:40:00,0.42,16140.0,United Kingdom,1,COWBOYS,0.9924276232918631
536987,21845,DAIRY MAID STRIPE MUG,-1,2010-12-03 14:54:00,2.95,17198.0,United Kingdom,1,DAIRY,0.9916616991752314
536988,85049C,ROMANTIC PINKS RIBBONS ,-1,2010-12-03 15:05:00,1.25,17238.0,United Kingdom,1,ROMANTIC,0.992175157565773
536989,22470,HEART OF WICKER LARGE,-1,2010-12-03 15:10:00,2.95,17238.0,United Kingdom,1,HEART,0.9916258774337601
536993,84865,NEW BAROQUE BLACK PHOTO ALBUM,-1,2010-12-03 15:19:00,8.5,14396.0,United Kingdom,1,NEW,0.9897482020339553
536994,84880,WHITE WIRE EGG HOLDER,-1,2010-12-03 15:25:00,5.95,14898.0,United Kingdom,1,WHITE,0.9905440826665847
537022,22307,GOLD MUG BONE CHINA TREE OF LIFE,-1,2010-12-03 15:45:00,1.95,12725.0,Italy,1,GOLD,0.9919677638362047
537022,85035A,GARDENIA 3 WICK MORRIS BOXED CANDLE,-1,2010-12-03 15:45:00,4.25,12725.0,Italy,1,GARDENIA,0.9912504488187269
537022,85034C,3 ROSE MORRIS BOXED CANDLES,-1,2010-12-03 15:45:00,4.25,12725.0,Italy,1,ROSE,0.9912390624608907
537026,21217,RED RETROSPOT ROUND CAKE TINS,-1,2010-12-03 16:35:00,9.95,12395.0,Belgium,1,RED,0.9897210448928917
537026,21977,PACK OF 60 PINK PAISLEY CAKE CASES,-1,2010-12-03 16:35:00,0.42,12395.0,Belgium,1,PACK,0.9922334452748759
537030,22149,FELTCRAFT 6 FLOWER FRIENDS,-1,2010-12-03 16:44:00,2.1,16455.0,United Kingdom,1,FELTCRAFT,0.9914691796001243
537034,21094,SET/6 RED SPOTTY PAPER PLATES,-1,2010-12-03 17:20:00,0.85,13081.0,United Kingdom,1,SET,0.9922823751499207
537034,20963,APPLE BATH SPONGE,-1,2010-12-03 17:20:00,1.25,13081.0,United Kingdom,1,APPLE,0.9921922400926685
537034,21559,STRAWBERRY LUNCH BOX WITH CUTLERY,-1,2010-12-03 17:20:00,2.55,13081.0,United Kingdom,1,STRAWBERRY,0.9916300454880398
537034,22131,FOOD CONTAINER SET 3 LOVE HEART ,-1,2010-12-03 17:20:00,1.95,13081.0,United Kingdom,1,FOOD,0.9919557175484707
537034,20972,PINK CREAM FELT CRAFT TRINKET BOX ,-1,2010-12-03 17:20:00,1.25,13081.0,United Kingdom,1,PINK,0.9919661160702679
537041,22358,KINGS CHOICE TEA CADDY ,-1,2010-12-05 10:36:00,2.95,16033.0,United Kingdom,1,KINGS,0.9916257875911949
537042,21533,RETROSPOT LARGE MILK JUG,-1,2010-12-05 10:45:00,4.95,13838.0,United Kingdom,1,RETROSPOT,0.9910386386604371
537042,22470,HEART OF WICKER LARGE,-1,2010-12-05 10:45:00,2.95,13838.0,United Kingdom,1,HEART,0.9916258774337601
537045,90185D,CRYSTAL DIAMANTE EXPANDABLE RING,-1,2010-12-05 10:54:00,4.25,15038.0,United Kingdom,1,CRYSTAL,0.9912546750758877
537045,21485,RETROSPOT HEART HOT WATER BOTTLE,-1,2010-12-05 10:54:00,4.95,15038.0,United Kingdom,1,RETROSPOT,0.9910386386604371
537045,21175,GIN + TONIC DIET METAL SIGN,-1,2010-12-05 10:54:00,2.1,15038.0,United Kingdom,1,GIN,0.9918992442438938
537047,22601,CHRISTMAS RETROSPOT ANGEL WOOD,-1,2010-12-05 11:02:00,0.85,13069.0,United Kingdom,1,CHRISTMAS,0.9920933595953796
537047,22865,HAND WARMER OWL DESIGN,-1,2010-12-05 11:02:00,2.1,13069.0,United Kingdom,1,HAND,0.9915642754474873
537050,22554,PLASTERS IN TIN WOODLAND ANIMALS,-1,2010-12-05 11:10:00,1.65,14800.0,United Kingdom,1,PLASTERS,0.9918297933662035
537051,22304,COFFEE MUG BLUE PAISLEY DESIGN,-1,2010-12-05 11:12:00,2.55,15708.0,United Kingdom,1,COFFEE,0.9918612662248952
537051,72760B,VINTAGE CREAM 3 BASKET CAKE STAND,-1,2010-12-05 11:12:00,9.95,15708.0,United Kingdom,1,VINTAGE,0.9891421364221592
537054,22141,CHRISTMAS CRAFT TREE TOP ANGEL,-1,2010-12-05 11:40:00,2.1,16931.0,United Kingdom,1,CHRISTMAS,0.9917120975903638
537055,21889,WOODEN BOX OF DOMINOES,-1,2010-12-05 11:45:00,1.25,16814.0,United Kingdom,1,WOODEN,0.9920347850200766
537058,22752,SET 7 BABUSHKA NESTING BOXES,-1,2010-12-05 11:51:00,8.5,13269.0,United Kingdom,1,SET,0.9897068864411813
537058,22952,60 CAKE CASES VINTAGE CHRISTMAS,-1,2010-12-05 11:51:00,0.55,13269.0,United Kingdom,1,CAKE,0.9923518723351357
537059,22755,SMALL PURPLE BABUSHKA NOTEBOOK ,-1,2010-12-05 11:54:00,0.85,14813.0,United Kingdom,1,SMALL,0.9922641807576882
537065,21439,BASKET OF TOADSTOOLS,-1,2010-12-05 11:57:00,1.25,12567.0,France,1,BASKET,0.992144060354097
537065,22727,ALARM CLOCK BAKELIKE RED ,-1,2010-12-05 11:57:00,3.75,12567.0,France,1,ALARM,0.9913742471002057
537077,21494,ROTATING LEAVES T-LIGHT HOLDER,-1,2010-12-05 11:59:00,1.25,17062.0,United Kingdom,1,ROTATING,0.9922914916539808
537081,22553,PLASTERS IN TIN SKULLS,-1,2010-12-05 12:00:00,1.65,15332.0,Lithuania,1,PLASTERS,0.9918297933662035
537126,22755,SMALL PURPLE BABUSHKA NOTEBOOK ,-1,2010-12-05 12:13:00,0.85,18118.0,United Kingdom,1,SMALL,0.9922641807576882
537126,21328,BALLOONS  WRITING SET ,-1,2010-12-05 12:13:00,1.65,18118.0,United Kingdom,1,BALLOONS,0.9920164082681315
537126,21098,CHRISTMAS TOILET ROLL,-1,2010-12-05 12:13:00,1.25,18118.0,United Kingdom,1,CHRISTMAS,0.9919732879106559
537126,21218,RED SPOTTY BISCUIT TIN,-1,2010-12-05 12:13:00,3.75,18118.0,United Kingdom,1,RED,0.9918602034787526
537126,22505,MEMO BOARD COTTAGE DESIGN,-1,2010-12-05 12:13:00,4.95,18118.0,United Kingdom,1,MEMO,0.9909362827522398
537129,84077,WORLD WAR 2 GLIDERS ASSTD DESIGNS,-1,2010-12-05 12:15:00,0.29,13506.0,United Kingdom,1,WORLD,0.9924641006719405
537130,21539,RED RETROSPOT BUTTER DISH,-1,2010-12-05 12:23:00,4.95,17796.0,United Kingdom,1,RED,0.9914838458151704
537131,22810,SET OF 6 T-LIGHTS SNOWMEN,-1,2010-12-05 12:26:00,2.95,15716.0,United Kingdom,1,SET,0.9916469258124306
537131,22121,NOEL WOODEN BLOCK LETTERS ,-1,2010-12-05 12:26:00,5.95,15716.0,United Kingdom,1,NOEL,0.9906767271801036
537133,21466,RED FLOWER CROCHET FOOD COVER,-1,2010-12-05 12:29:00,3.75,18156.0,United Kingdom,1,RED,0.9918602034787526
537133,22940,FELTCRAFT CHRISTMAS FAIRY,-1,2010-12-05 12:29:00,4.25,18156.0,United Kingdom,1,FELTCRAFT,0.9907500085700706
537135,22158,3 HEARTS HANGING DECORATION RUSTIC,-1,2010-12-05 12:35:00,2.95,17059.0,United Kingdom,1,HEARTS,0.9916404540280284
537135,22114,HOT WATER BOTTLE TEA AND SYMPATHY,-1,2010-12-05 12:35:00,3.95,17059.0,United Kingdom,1,HOT,0.9914632473262341
537135,22111,SCOTTIE DOG HOT WATER BOTTLE,-1,2010-12-05 12:35:00,4.95,17059.0,United Kingdom,1,SCOTTIE,0.9910735017426121
537135,22367,CHILDRENS APRON SPACEBOY DESIGN,-1,2010-12-05 12:35:00,1.95,17059.0,United Kingdom,1,CHILDRENS,0.992039790552909
537135,21930,JUMBO STORAGE BAG SKULLS,-1,2010-12-05 12:35:00,1.95,17059.0,United Kingdom,1,JUMBO,0.9918123191194866
537135,20975,12 PENCILS SMALL TUBE RED RETROSPOT,-1,2010-12-05 12:35:00,0.65,17059.0,United Kingdom,1,PENCILS,0.9921537501314551
537135,22531,MAGIC DRAWING SLATE CIRCUS PARADE  ,-1,2010-12-05 12:35:00,0.42,17059.0,United Kingdom,1,MAGIC,0.9923834867915999
537135,84997D,PINK 3 PIECE POLKADOT CUTLERY SET,-1,2010-12-05 12:35:00,3.75,17059.0,United Kingdom,1,PINK,0.9911729154386626
537136,21209,MULTICOLOUR HONEYCOMB FAN,-1,2010-12-05 12:42:00,1.65,12748.0,United Kingdom,1,MULTICOLOUR,0.9920738381909364
537136,17107D,"FLOWER FAIRY,5 SUMMER B'DRAW LINERS",-1,2010-12-05 12:42:00,2.55,12748.0,United Kingdom,1,FLOWER,0.9917791576612318
537137,21157,RED RETROSPOT WASHBAG,-1,2010-12-05 12:43:00,2.1,16327.0,United Kingdom,1,RED,0.9923508969191518
537137,35653,VINTAGE BEAD NOTEBOOK,-1,2010-12-05 12:43:00,2.95,16327.0,United Kingdom,1,VINTAGE,0.9916559462967969
537137,21421,PORCELAIN ROSE LARGE ,-1,2010-12-05 12:43:00,1.25,16327.0,United Kingdom,1,PORCELAIN,0.9921433279447062
537137,22494,EMERGENCY FIRST AID TIN ,-1,2010-12-05 12:43:00,1.25,16327.0,United Kingdom,1,EMERGENCY,0.9921757296603734
537137,84569D,PACK 6 HEART/ICE-CREAM PATCHES,-1,2010-12-05 12:43:00,1.25,16327.0,United Kingdom,1,PACK,0.9919866928851852
537137,22301,COFFEE MUG CAT + BIRD DESIGN,-1,2010-12-05 12:43:00,2.55,16327.0,United Kingdom,1,COFFEE,0.9918612662248952
537139,22423,REGENCY CAKESTAND 3 TIER,-1,2010-12-05 12:47:00,12.75,17026.0,United Kingdom,1,REGENCY,0.9881311357302774
537140,22586,FELTCRAFT HAIRBAND PINK AND BLUE,-1,2010-12-05 12:53:00,0.85,12748.0,United Kingdom,1,FELTCRAFT,0.9918615246691203
537141,22624,IVORY KITCHEN SCALES,-1,2010-12-05 12:57:00,8.5,15570.0,United Kingdom,1,IVORY,0.989771337546494
537142,22810,SET OF 6 T-LIGHTS SNOWMEN,-1,2010-12-05 12:57:00,2.95,12748.0,United Kingdom,1,SET,0.9916469258124306
537144,22470,HEART OF WICKER LARGE,-1,2010-12-05 13:00:00,2.95,15880.0,United Kingdom,1,HEART,0.9916258774337601
537144,22296,HEART IVORY TRELLIS LARGE,-1,2010-12-05 13:00:00,1.65,15880.0,United Kingdom,1,HEART,0.9920261105759828
537144,84051,ASS COLOUR GLOWING TIARAS,-1,2010-12-05 13:00:00,0.85,15880.0,United Kingdom,1,ASS,0.9923186177755742
537144,21563,RED HEART SHAPE LOVE BUCKET ,-1,2010-12-05 13:00:00,2.95,15880.0,United Kingdom,1,RED,0.992101896215338
537153,22975,SPACEBOY CHILDRENS EGG CUP,-1,2010-12-05 13:03:00,1.25,16718.0,United Kingdom,1,SPACEBOY,0.9921641434866407
537153,22960,JAM MAKING SET WITH JARS,-1,2010-12-05 13:03:00,4.25,16718.0,United Kingdom,1,JAM,0.9912547746411093
537153,21918,SET 12 KIDS COLOUR  CHALK STICKS,-1,2010-12-05 13:03:00,0.42,16718.0,United Kingdom,1,SET,0.9924064504395744
537154,22837,HOT WATER BOTTLE BABUSHKA ,-1,2010-12-05 13:05:00,4.65,15808.0,United Kingdom,1,HOT,0.9912352451004428
537155,20674,GREEN POLKADOT BOWL,-1,2010-12-05 13:05:00,1.25,12748.0,United Kingdom,1,GREEN,0.9921300432129608
537155,21902,"KEY FOB , FRONT  DOOR ",-1,2010-12-05 13:05:00,0.65,12748.0,United Kingdom,1,KEY,0.9922457466369614
537155,35958,FOLKART ZINC STAR CHRISTMAS DEC,-1,2010-12-05 13:05:00,0.85,12748.0,United Kingdom,1,FOLKART,0.9923056702156791
537159,22898,CHILDRENS APRON APPLES DESIGN,-1,2010-12-05 13:17:00,1.95,14527.0,United Kingdom,1,CHILDRENS,0.992039790552909
537160,20878,SET/9 CHRISTMAS T-LIGHTS SCENTED ,-1,2010-12-05 13:18:00,1.25,14161.0,United Kingdom,1,SET,0.9921651512213414
537163,22659,LUNCH BOX I LOVE LONDON,-1,2010-12-05 13:21:00,1.95,17863.0,United Kingdom,1,LUNCH,0.9917463893801803
537163,22791,T-LIGHT GLASS FLUTED ANTIQUE,-1,2010-12-05 13:21:00,1.25,17863.0,United Kingdom,1,T,0.992175545546801
537176,21484,CHICK GREY HOT WATER BOTTLE,-1,2010-12-05 13:26:00,3.45,16411.0,United Kingdom,1,CHICK,0.9914873138473679
537192,21107,CREAM SLICE FLANNEL PINK SPOT ,-1,2010-12-05 13:42:00,2.95,16402.0,United Kingdom,1,CREAM,0.9916025828530495
537192,22084,PAPER CHAIN KIT EMPIRE,-1,2010-12-05 13:42:00,2.95,16402.0,United Kingdom,1,PAPER,0.9913777811425316
537192,21106,CREAM SLICE FLANNEL CHOCOLATE SPOT ,-1,2010-12-05 13:42:00,2.95,16402.0,United Kingdom,1,CREAM,0.9916025828530495
537193,22909,SET OF 20 VINTAGE CHRISTMAS NAPKINS,-1,2010-12-05 13:49:00,0.85,15023.0,United Kingdom,1,SET,0.9922823751499207
537194,22619,SET OF 6 SOLDIER SKITTLES,-1,2010-12-05 13:53:00,3.39,17402.0,United Kingdom,1,SET,0.9915073486417283
537195,22502,PICNIC BASKET WICKER SMALL,-1,2010-12-05 13:55:00,5.95,15311.0,United Kingdom,1,PICNIC,0.9905873789267576
537195,21867,PINK UNION JACK  LUGGAGE TAG,-1,2010-12-05 13:55:00,1.25,15311.0,United Kingdom,1,PINK,0.9919661160702679
537195,22083,PAPER CHAIN KIT RETROSPOT,-1,2010-12-05 13:55:00,2.95,15311.0,United Kingdom,1,PAPER,0.9913777811425316
537195,37449,CERAMIC CAKE STAND + HANGING CAKES,-1,2010-12-05 13:55:00,8.5,15311.0,United Kingdom,1,CERAMIC,0.9896580448394581
537196,22798,ANTIQUE GLASS DRESSING TABLE POT,-1,2010-12-05 13:55:00,2.95,15426.0,United Kingdom,1,ANTIQUE,0.9916759343045205
537196,22151,PLACE SETTING WHITE HEART,-1,2010-12-05 13:55:00,0.42,15426.0,United Kingdom,1,PLACE,0.9923694386352508
537196,85129C,BEADED CRYSTAL HEART BLUE SMALL,-1,2010-12-05 13:55:00,1.25,15426.0,United Kingdom,1,BEADED,0.9921577906396354
537196,35924,HANGING FAIRY CAKE DECORATION,-1,2010-12-05 13:55:00,2.1,15426.0,United Kingdom,1,HANGING,0.991949864946707
537196,47559B,TEA TIME OVEN GLOVE,-1,2010-12-05 13:55:00,1.25,15426.0,United Kingdom,1,TEA,0.9921434058405209
537196,84988,SET OF 72 PINK HEART PAPER DOILIES,-1,2010-12-05 13:55:00,1.45,15426.0,United Kingdom,1,SET,0.9921058785382944
537199,22809,SET OF 6 T-LIGHTS SANTA,-1,2010-12-05 14:06:00,2.95,15894.0,United Kingdom,1,SET,0.9916469258124306
537199,22633,HAND WARMER UNION JACK,-1,2010-12-05 14:06:00,2.1,15894.0,United Kingdom,1,HAND,0.9915642754474873
537200,85049A,TRADITIONAL CHRISTMAS RIBBONS,-1,2010-12-05 14:17:00,1.25,15867.0,United Kingdom,1,TRADITIONAL,0.9920799466349434
537201,22964,3 PIECE SPACEBOY COOKIE CUTTER SET,-1,2010-12-05 14:19:00,2.1,12472.0,Germany,1,PIECE,0.991962369341362
537202,22653,BUTTON BOX ,-1,2010-12-05 14:25:00,1.95,14506.0,United Kingdom,1,BUTTON,0.9919525019514964
537202,84773,RED ROSE AND LACE C/COVER,-1,2010-12-05 14:25:00,2.95,14506.0,United Kingdom,1,RED,0.992101896215338
537202,22586,FELTCRAFT HAIRBAND PINK AND BLUE,-1,2010-12-05 14:25:00,0.85,14506.0,United Kingdom,1,FELTCRAFT,0.9918615246691203
537202,22075,6 RIBBONS ELEGANT CHRISTMAS ,-1,2010-12-05 14:25:00,1.65,14506.0,United Kingdom,1,RIBBONS,0.9918930190424979
537204,22560,TRADITIONAL MODELLING CLAY,-1,2010-12-05 14:45:00,1.25,15555.0,United Kingdom,1,TRADITIONAL,0.9920799466349434
537207,85135B,BLUE DRAGONFLY HELICOPTER,-1,2010-12-05 15:06:00,7.95,17402.0,United Kingdom,1,BLUE,0.9895203606691412
537208,84597C,RETRO PINK BALL ASHTRAY ,-1,2010-12-05 15:12:00,1.25,15889.0,United Kingdom,1,RETRO,0.9921384240281106
537209,21467,CHERRY CROCHET FOOD COVER,-1,2010-12-05 15:12:00,3.75,14606.0,United Kingdom,1,CHERRY,0.9914094240485862
537209,22150,3 STRIPEY MICE FELTCRAFT,-1,2010-12-05 15:12:00,1.95,14606.0,United Kingdom,1,STRIPEY,0.992056419736078
537209,22482,BLUE TEA TOWEL CLASSIC DESIGN,-1,2010-12-05 15:12:00,1.25,14606.0,United Kingdom,1,BLUE,0.9918557851562484
537209,21056,DOCTOR'S BAG SOFT TOY,-1,2010-12-05 15:12:00,8.95,14606.0,United Kingdom,1,DOCTOR,0.9895031267609329
537209,22577,WOODEN HEART CHRISTMAS SCANDINAVIAN,-1,2010-12-05 15:12:00,0.85,14606.0,United Kingdom,1,WOODEN,0.9921539440450592
537209,20972,PINK CREAM FELT CRAFT TRINKET BOX ,-1,2010-12-05 15:12:00,1.25,14606.0,United Kingdom,1,PINK,0.9919661160702679
537212,22624,IVORY KITCHEN SCALES,-1,2010-12-05 15:21:00,8.5,12720.0,Germany,1,IVORY,0.989771337546494
537213,20966,SANDWICH BATH SPONGE,-1,2010-12-05 15:26:00,1.25,12748.0,United Kingdom,1,SANDWICH,0.9921732227364821
537214,21122,SET/10 PINK POLKADOT PARTY CANDLES,-1,2010-12-05 15:35:00,1.06,16422.0,United Kingdom,1,SET,0.9922210512268368
537219,22134,LADLE LOVE HEART RED ,-1,2010-12-05 15:47:00,0.42,14081.0,United Kingdom,1,LADLE,0.9923696732389378
537219,84992,72 SWEETHEART FAIRY CAKE CASES,-1,2010-12-05 15:47:00,0.55,14081.0,United Kingdom,1,SWEETHEART,0.9923924128426345
537222,15034,PAPER POCKET TRAVELING FAN ,-1,2010-12-05 16:00:00,0.14,14404.0,United Kingdom,1,PAPER,0.99224386279973
537222,22371,AIRLINE BAG VINTAGE TOKYO 78,-1,2010-12-05 16:00:00,4.25,14404.0,United Kingdom,1,AIRLINE,0.991174334265372
537222,22372,AIRLINE BAG VINTAGE WORLD CHAMPION ,-1,2010-12-05 16:00:00,4.25,14404.0,United Kingdom,1,AIRLINE,0.991174334265372
537223,22112,CHOCOLATE HOT WATER BOTTLE,-1,2010-12-05 16:10:00,4.95,13579.0,United Kingdom,1,CHOCOLATE,0.9910569646870627
537224,22461,SAVOY ART DECO CLOCK,-1,2010-12-05 16:24:00,12.75,13174.0,United Kingdom,1,SAVOY,0.9880382688921808
537224,22768,FAMILY PHOTO FRAME CORNICE,-1,2010-12-05 16:24:00,9.95,13174.0,United Kingdom,1,FAMILY,0.9892078741660884
537224,22406,MONEY BOX KINGS CHOICE DESIGN,-1,2010-12-05 16:24:00,1.25,13174.0,United Kingdom,1,MONEY,0.992114038387438
537224,22863,SOAP DISH BROCANTE,-1,2010-12-05 16:24:00,2.95,13174.0,United Kingdom,1,SOAP,0.9917401035834568
537224,82552,WASHROOM METAL SIGN,-1,2010-12-05 16:24:00,1.45,13174.0,United Kingdom,1,WASHROOM,0.9921506729791495
537224,22600,CHRISTMAS RETROSPOT STAR WOOD,-1,2010-12-05 16:24:00,0.85,13174.0,United Kingdom,1,CHRISTMAS,0.9920933595953796
537224,22153,ANGEL DECORATION STARS ON DRESS,-1,2010-12-05 16:24:00,0.42,13174.0,United Kingdom,1,ANGEL,0.9924365727764833
537224,21351,CINAMMON & ORANGE WREATH,-1,2010-12-05 16:24:00,6.75,13174.0,United Kingdom,1,CINAMMON,0.9903868953197795
537225,21807,WHITE CHRISTMAS STAR DECORATION,-1,2010-12-05 16:41:00,0.42,12748.0,United Kingdom,1,WHITE,0.9923217652496751
537225,22863,SOAP DISH BROCANTE,-1,2010-12-05 16:41:00,2.95,12748.0,United Kingdom,1,SOAP,0.9917401035834568
537225,21877,HOME SWEET HOME MUG,-1,2010-12-05 16:41:00,1.25,12748.0,United Kingdom,1,HOME,0.9921320888113918
537225,84531B,BLUE KNITTED EGG COSY,-1,2010-12-05 16:41:00,1.95,12748.0,United Kingdom,1,BLUE,0.9916381785316625
537225,22424,ENAMEL BREAD BIN CREAM,-1,2010-12-05 16:41:00,12.75,12748.0,United Kingdom,1,ENAMEL,0.9878940551459825
537226,20802,SMALL GLASS SUNDAE DISH CLEAR,-1,2010-12-06 08:34:00,1.65,15987.0,United Kingdom,1,SMALL,0.9920274142411233
537226,22705,WRAP GREEN PEARS ,-1,2010-12-06 08:34:00,0.42,15987.0,United Kingdom,1,WRAP,0.9924272125475846
537227,22837,HOT WATER BOTTLE BABUSHKA ,-1,2010-12-06 08:42:00,4.65,17677.0,United Kingdom,1,HOT,0.9912352451004428
537239,22988,SOLDIERS EGG CUP ,-1,2010-12-06 10:05:00,1.25,18219.0,United Kingdom,1,SOLDIERS,0.9921419079419843
537241,18007,ESSENTIAL BALM 3.5g TIN IN ENVELOPE,-1,2010-12-06 10:18:00,0.18,14293.0,United Kingdom,1,ESSENTIAL,0.9924950559643497
537242,22300,COFFEE MUG DOG + BALL DESIGN,-1,2010-12-06 10:19:00,2.55,14748.0,United Kingdom,1,COFFEE,0.9918612662248952
537242,72741,GRAND CHOCOLATECANDLE,-1,2010-12-06 10:19:00,1.45,14748.0,United Kingdom,1,GRAND,0.9921764795300398
537242,22694,WICKER STAR ,-1,2010-12-06 10:19:00,2.1,14748.0,United Kingdom,1,WICKER,0.9918792972606452
537250,22328,ROUND SNACK BOXES SET OF 4 FRUITS ,-1,2010-12-06 10:43:00,2.95,12708.0,Germany,1,ROUND,0.9915628270444967
537254,21292,SMALL STRIPES CHOCOLATE GIFT BAG ,-1,2010-12-06 11:01:00,0.85,15898.0,United Kingdom,1,SMALL,0.9922641807576882
537254,22713,CARD I LOVE LONDON ,-1,2010-12-06 11:01:00,0.42,15898.0,United Kingdom,1,CARD,0.9925352083872893
537254,22699,ROSES REGENCY TEACUP AND SAUCER ,-1,2010-12-06 11:01:00,2.95,15898.0,United Kingdom,1,ROSES,0.9916697959105374
537254,22113,GREY HEART HOT WATER BOTTLE,-1,2010-12-06 11:01:00,3.75,15898.0,United Kingdom,1,GREY,0.9913881304203254
537254,72807B,SET/3 OCEAN SCENT CANDLE JEWEL BOX,-1,2010-12-06 11:01:00,4.25,15898.0,United Kingdom,1,SET,0.9912278285606676
537256,22900, SET 2 TEA TOWELS I LOVE LONDON ,-1,2010-12-06 11:06:00,2.95,16210.0,United Kingdom,1,SET,0.9916469258124306
537257,20903,VINTAGE KEEPSAKE BOX TRAVELOGUE,-1,2010-12-06 11:10:00,6.35,17691.0,United Kingdom,1,VINTAGE,0.9905166216840119
537258,22907,PACK OF 20 NAPKINS PANTRY DESIGN,-1,2010-12-06 11:16:00,0.85,17227.0,United Kingdom,1,PACK,0.9921065656403704
537258,84380,SET OF 3 BUTTERFLY COOKIE CUTTERS,-1,2010-12-06 11:16:00,1.25,17227.0,United Kingdom,1,SET,0.9921651512213414
537258,22328,ROUND SNACK BOXES SET OF 4 FRUITS ,-1,2010-12-06 11:16:00,2.95,17227.0,United Kingdom,1,ROUND,0.9915628270444967
537262,22197,SMALL POPCORN HOLDER,-1,2010-12-06 11:26:00,0.72,15039.0,United Kingdom,1,SMALL,0.9923019907936999
537262,84997B,RED 3 PIECE RETROSPOT CUTLERY SET,-1,2010-12-06 11:26:00,3.75,15039.0,United Kingdom,1,RED,0.9918602034787526
537262,21930,JUMBO STORAGE BAG SKULLS,-1,2010-12-06 11:26:00,1.95,15039.0,United Kingdom,1,JUMBO,0.9918123191194866
537298,21349,IVY HEART WREATH,-1,2010-12-06 11:37:00,6.75,13497.0,United Kingdom,1,IVY,0.9904287625637312
537298,22592,CARDHOLDER HOLLY WREATH METAL,-1,2010-12-06 11:37:00,3.75,13497.0,United Kingdom,1,CARDHOLDER,0.9914730577555897
537312,84755,COLOUR GLASS T-LIGHT HOLDER HANGING,-1,2010-12-06 11:42:00,0.65,14189.0,United Kingdom,1,COLOUR,0.9922919807200287
537332,22423,REGENCY CAKESTAND 3 TIER,-1,2010-12-06 11:58:00,12.75,14344.0,United Kingdom,1,REGENCY,0.9881311357302774
537334,22748,POPPY'S PLAYHOUSE KITCHEN,-1,2010-12-06 12:06:00,2.1,16719.0,United Kingdom,1,POPPY,0.9916232209811292
